stage,trial,best_iteration,perf_recall_test,fairness_ratio_test,predictive_equality_age_test,thr_star,fpr_test,recall_val,fpr_val,fairness_ratio_val,predictive_equality_age_val,aeq_fpr_parity_age_test,aeq_fpr_parity_income_test,aeq_fpr_parity_employment_status_test,aeq_fpr_parity_age_val,aeq_fpr_parity_income_val,aeq_fpr_parity_employment_status_val,attribute_n_distinct_groups,attribute_is_degenerate
lightgbm,0,201,0.47533009034051427,0.02487808360125382,0.5166149071149512,0.6133835100534468,0.05189183305958483,0.45153374233128835,0.049838594885872604,0.03025273106838221,0.45215791454617416,0.5166149071149512,0.23293102125555656,0.02487808360125382,0.45215791454617416,0.20567968318724,0.03025273106838221,"{""test"": {""age_group"": 2, ""employment_status_group"": 7, ""income_group"": 4}, ""val"": {""age_group"": 2, ""employment_status_group"": 7, ""income_group"": 4}}","{""test"": {""age_group"": 0, ""employment_status_group"": 0, ""income_group"": 0}, ""val"": {""age_group"": 0, ""employment_status_group"": 0, ""income_group"": 0}}"
lightgbm,1,695,0.5031271716469771,0.024251629666142218,0.5102011015635032,0.7220924124806247,0.053207804800823225,0.48282208588957054,0.04992120380255198,0.011606952438219376,0.446024525938583,0.5102011015635032,0.20604892516294485,0.024251629666142218,0.446024525938583,0.18029465608708156,0.011606952438219376,"{""test"": {""age_group"": 2, ""employment_status_group"": 7, ""income_group"": 4}, ""val"": {""age_group"": 2, ""employment_status_group"": 7, ""income_group"": 4}}","{""test"": {""age_group"": 0, ""employment_status_group"": 0, ""income_group"": 0}, ""val"": {""age_group"": 0, ""employment_status_group"": 0, ""income_group"": 0}}"
lightgbm,2,746,0.519457956914524,0.01997264895639889,0.5065109836263889,0.7465187251734134,0.0554588090950468,0.48588957055214727,0.04981953128971583,0.014005598367577279,0.44519630194098503,0.5065109836263889,0.22032513407029,0.01997264895639889,0.4451963019409851,0.1898784872413466,0.014005598367577279,"{""test"": {""age_group"": 2, ""employment_status_group"": 7, ""income_group"": 4}, ""val"": {""age_group"": 2, ""employment_status_group"": 7, ""income_group"": 4}}","{""test"": {""age_group"": 0, ""employment_status_group"": 0, ""income_group"": 0}, ""val"": {""age_group"": 0, ""employment_status_group"": 0, ""income_group"": 0}}"
lightgbm,3,1,0.31549687282835304,0.11800578184838324,0.589413407067157,0.999929376629547,0.05639384164803198,0.27607361963190186,0.04213690203853388,0.12047449572027397,0.49229905883476577,0.589413407067157,0.11800578184838324,0.21400621942143772,0.49229905883476577,0.12047449572027397,0.2147502947539615,"{""test"": {""age_group"": 2, ""employment_status_group"": 7, ""income_group"": 4}, ""val"": {""age_group"": 2, ""employment_status_group"": 7, ""income_group"": 4}}","{""test"": {""age_group"": 0, ""employment_status_group"": 0, ""income_group"": 0}, ""val"": {""age_group"": 0, ""employment_status_group"": 0, ""income_group"": 0}}"
lightgbm,4,534,0.514593467685893,0.026944271317591847,0.4893112201752327,0.7340341438521895,0.05497892466309145,0.4852760736196319,0.0498703675461339,0.020990014820534916,0.4330626224555421,0.4893112201752327,0.21672273854306257,0.026944271317591847,0.4330626224555421,0.1806804570904737,0.020990014820534916,"{""test"": {""age_group"": 2, ""employment_status_group"": 7, ""income_group"": 4}, ""val"": {""age_group"": 2, ""employment_status_group"": 7, ""income_group"": 4}}","{""test"": {""age_group"": 0, ""employment_status_group"": 0, ""income_group"": 0}, ""val"": {""age_group"": 0, ""employment_status_group"": 0, ""income_group"": 0}}"
lightgbm,5,974,0.51772063933287,0.016006037151037267,0.4976466112272274,0.7667871149694743,0.05510260621771911,0.49570552147239266,0.04976234050124549,0.01658190097550742,0.4363443899565864,0.4976466112272274,0.22109613618386548,0.016006037151037267,0.4363443899565864,0.1860890561187716,0.01658190097550742,"{""test"": {""age_group"": 2, ""employment_status_group"": 7, ""income_group"": 4}, ""val"": {""age_group"": 2, ""employment_status_group"": 7, ""income_group"": 4}}","{""test"": {""age_group"": 0, ""employment_status_group"": 0, ""income_group"": 0}, ""val"": {""age_group"": 0, ""employment_status_group"": 0, ""income_group"": 0}}"
lightgbm,6,155,0.4388464211257818,0.036679397948529646,0.5293225247729084,0.8088607111216434,0.05026913106286981,0.4312883435582822,0.0498703675461339,0.030438765432199495,0.5014104343528372,0.5293225247729083,0.2632818006045577,0.036679397948529646,0.5014104343528372,0.2276585380078112,0.030438765432199495,"{""test"": {""age_group"": 2, ""employment_status_group"": 7, ""income_group"": 4}, ""val"": {""age_group"": 2, ""employment_status_group"": 7, ""income_group"": 4}}","{""test"": {""age_group"": 0, ""employment_status_group"": 0, ""income_group"": 0}, ""val"": {""age_group"": 0, ""employment_status_group"": 0, ""income_group"": 0}}"
lightgbm,7,469,0.5118137595552467,0.016978148580791726,0.5041232211103899,0.7488652593746479,0.054187362713474366,0.47607361963190187,0.04966066798840933,0.016375718766186452,0.424443612966785,0.5041232211103899,0.21061165798817108,0.016978148580791726,0.42444361296678507,0.18876967477204654,0.016375718766186452,"{""test"": {""age_group"": 2, ""employment_status_group"": 7, ""income_group"": 4}, ""val"": {""age_group"": 2, ""employment_status_group"": 7, ""income_group"": 4}}","{""test"": {""age_group"": 0, ""employment_status_group"": 0, ""income_group"": 0}, ""val"": {""age_group"": 0, ""employment_status_group"": 0, ""income_group"": 0}}"
lightgbm,8,95,0.4179986101459347,0.02409442270790935,0.5768135955835317,0.713983460121208,0.05243603189994657,0.41595092024539876,0.04994026739870876,0.0320941552424457,0.5357677958825225,0.5768135955835317,0.2551227126935164,0.02409442270790935,0.5357677958825225,0.2333768446965027,0.0320941552424457,"{""test"": {""age_group"": 2, ""employment_status_group"": 7, ""income_group"": 4}, ""val"": {""age_group"": 2, ""employment_status_group"": 7, ""income_group"": 4}}","{""test"": {""age_group"": 0, ""employment_status_group"": 0, ""income_group"": 0}, ""val"": {""age_group"": 0, ""employment_status_group"": 0, ""income_group"": 0}}"
lightgbm,9,60,0.0,nan,1.0,inf,0.0,0.0,0.0,nan,1.0,nan,nan,nan,nan,nan,nan,"{""test"": {""age_group"": 2, ""employment_status_group"": 7, ""income_group"": 4}, ""val"": {""age_group"": 2, ""employment_status_group"": 7, ""income_group"": 4}}","{""test"": {""age_group"": 0, ""employment_status_group"": 0, ""income_group"": 0}, ""val"": {""age_group"": 0, ""employment_status_group"": 0, ""income_group"": 0}}"
lightgbm,10,1312,0.501737317581654,0.03816417398595608,0.49745950911753173,0.6450853667926487,0.053336433617636,0.4840490797546012,0.04981953128971583,0.02809320872969461,0.4328132701934546,0.49745950911753173,0.2060528859751696,0.03816417398595608,0.4328132701934546,0.17967915569375337,0.02809320872969461,"{""test"": {""age_group"": 2, ""employment_status_group"": 7, ""income_group"": 4}, ""val"": {""age_group"": 2, ""employment_status_group"": 7, ""income_group"": 4}}","{""test"": {""age_group"": 0, ""employment_status_group"": 0, ""income_group"": 0}, ""val"": {""age_group"": 0, ""employment_status_group"": 0, ""income_group"": 0}}"
lightgbm,11,1640,0.5250173731758165,0.022990648052110662,0.5071353104546455,0.7522663008366933,0.05607226960600004,0.4901840490797546,0.049825885821768084,0.016306542386839127,0.43129474536027945,0.5071353104546455,0.22021962397608225,0.022990648052110662,0.43129474536027945,0.18514816980839136,0.016306542386839127,"{""test"": {""age_group"": 2, ""employment_status_group"": 7, ""income_group"": 4}, ""val"": {""age_group"": 2, ""employment_status_group"": 7, ""income_group"": 4}}","{""test"": {""age_group"": 0, ""employment_status_group"": 0, ""income_group"": 0}, ""val"": {""age_group"": 0, ""employment_status_group"": 0, ""income_group"": 0}}"
lightgbm,12,1089,0.49687282835302293,0.031899370024386156,0.48805956535310424,0.7008148444705323,0.05213424890665506,0.4754601226993865,0.04997204005897006,0.02326456076429831,0.43612147210932456,0.4880595653531043,0.2065010277404219,0.031899370024386156,0.43612147210932456,0.18337037117915414,0.02326456076429831,"{""test"": {""age_group"": 2, ""employment_status_group"": 7, ""income_group"": 4}, ""val"": {""age_group"": 2, ""employment_status_group"": 7, ""income_group"": 4}}","{""test"": {""age_group"": 0, ""employment_status_group"": 0, ""income_group"": 0}, ""val"": {""age_group"": 0, ""employment_status_group"": 0, ""income_group"": 0}}"
lightgbm,13,513,0.485406532314107,0.03206995489082672,0.49107370993723265,0.6867273503844928,0.05219361605287634,0.4638036809815951,0.049565350007625436,0.026676793901349322,0.4363884407899174,0.4910737099372326,0.2036916045046389,0.03206995489082672,0.43638844078991734,0.1889527723413817,0.026676793901349322,"{""test"": {""age_group"": 2, ""employment_status_group"": 7, ""income_group"": 4}, ""val"": {""age_group"": 2, ""employment_status_group"": 7, ""income_group"": 4}}","{""test"": {""age_group"": 0, ""employment_status_group"": 0, ""income_group"": 0}, ""val"": {""age_group"": 0, ""employment_status_group"": 0, ""income_group"": 0}}"
lightgbm,14,362,0.48227936066712995,0.021144980367389474,0.5085429741139758,0.7764632588664152,0.05166920626125502,0.4638036809815951,0.0499339128666565,0.011548280668239931,0.4697860837991473,0.5085429741139756,0.2545850634326079,0.021144980367389474,0.4697860837991473,0.20983599579255668,0.011548280668239931,"{""test"": {""age_group"": 2, ""employment_status_group"": 7, ""income_group"": 4}, ""val"": {""age_group"": 2, ""employment_status_group"": 7, ""income_group"": 4}}","{""test"": {""age_group"": 0, ""employment_status_group"": 0, ""income_group"": 0}, ""val"": {""age_group"": 0, ""employment_status_group"": 0, ""income_group"": 0}}"
lightgbm,15,2185,0.519457956914524,0.01556732580385073,0.4971904790314685,0.7648835487573088,0.056660993806027744,0.49754601226993866,0.04999745818717909,0.009375382716915527,0.43352548142118724,0.4971904790314685,0.22214796284716842,0.01556732580385073,0.43352548142118724,0.19016914348574446,0.009375382716915527,"{""test"": {""age_group"": 2, ""employment_status_group"": 7, ""income_group"": 4}, ""val"": {""age_group"": 2, ""employment_status_group"": 7, ""income_group"": 4}}","{""test"": {""age_group"": 0, ""employment_status_group"": 0, ""income_group"": 0}, ""val"": {""age_group"": 0, ""employment_status_group"": 0, ""income_group"": 0}}"
lightgbm,16,669,0.5173731758165393,0.019562580178055865,0.48405987795466693,0.7698319705702247,0.056928145964023506,0.4938650306748466,0.04995297646281328,0.007025359087441202,0.4346248129382137,0.48405987795466693,0.2177653086564496,0.019562580178055865,0.4346248129382137,0.18535920887829577,0.007025359087441202,"{""test"": {""age_group"": 2, ""employment_status_group"": 7, ""income_group"": 4}, ""val"": {""age_group"": 2, ""employment_status_group"": 7, ""income_group"": 4}}","{""test"": {""age_group"": 0, ""employment_status_group"": 0, ""income_group"": 0}, ""val"": {""age_group"": 0, ""employment_status_group"": 0, ""income_group"": 0}}"
lightgbm,17,1554,0.527449617790132,0.016043556887599245,0.49414159825868464,0.7652980875163519,0.05769991886490016,0.501840490797546,0.04981953128971583,0.01881695433961307,0.427759062053853,0.4941415982586847,0.21481788543828034,0.016043556887599245,0.427759062053853,0.18615645278744972,0.01881695433961307,"{""test"": {""age_group"": 2, ""employment_status_group"": 7, ""income_group"": 4}, ""val"": {""age_group"": 2, ""employment_status_group"": 7, ""income_group"": 4}}","{""test"": {""age_group"": 0, ""employment_status_group"": 0, ""income_group"": 0}, ""val"": {""age_group"": 0, ""employment_status_group"": 0, ""income_group"": 0}}"
lightgbm,18,1578,0.5243224461431549,0.016246037957411186,0.4884807560808831,0.7650782827165995,0.05714582550016821,0.496319018404908,0.04994026739870876,0.009396039406215428,0.42846962057629134,0.4884807560808831,0.21255932658589313,0.016246037957411186,0.4284696205762913,0.18129570765506947,0.009396039406215428,"{""test"": {""age_group"": 2, ""employment_status_group"": 7, ""income_group"": 4}, ""val"": {""age_group"": 2, ""employment_status_group"": 7, ""income_group"": 4}}","{""test"": {""age_group"": 0, ""employment_status_group"": 0, ""income_group"": 0}, ""val"": {""age_group"": 0, ""employment_status_group"": 0, ""income_group"": 0}}"
lightgbm,19,813,0.4927032661570535,0.03489061827444838,0.49901857274561734,0.6113452529247482,0.0530445451487147,0.4815950920245399,0.049825885821768084,0.02100839755136592,0.43706006059781427,0.4990185727456173,0.20330378267861962,0.03489061827444838,0.4370600605978142,0.17782794322966036,0.02100839755136592,"{""test"": {""age_group"": 2, ""employment_status_group"": 7, ""income_group"": 4}, ""val"": {""age_group"": 2, ""employment_status_group"": 7, ""income_group"": 4}}","{""test"": {""age_group"": 0, ""employment_status_group"": 0, ""income_group"": 0}, ""val"": {""age_group"": 0, ""employment_status_group"": 0, ""income_group"": 0}}"
lightgbm,20,735,0.5055594162612925,0.027889587360946013,0.4983841172448994,0.6620804159371143,0.052965388953752995,0.48957055214723927,0.0499339128666565,0.013938459386442757,0.4478420060875655,0.4983841172448994,0.20596791509274295,0.027889587360946013,0.44784200608756547,0.18053827418412544,0.013938459386442757,"{""test"": {""age_group"": 2, ""employment_status_group"": 7, ""income_group"": 4}, ""val"": {""age_group"": 2, ""employment_status_group"": 7, ""income_group"": 4}}","{""test"": {""age_group"": 0, ""employment_status_group"": 0, ""income_group"": 0}, ""val"": {""age_group"": 0, ""employment_status_group"": 0, ""income_group"": 0}}"
lightgbm,21,2040,0.5225851285615011,0.019605843576526564,0.49440776272042464,0.7665766811475015,0.05677972809847031,0.5,0.04934294138579635,0.007112850586825199,0.43843362181624074,0.49440776272042464,0.21618148710699944,0.019605843576526564,0.4384336218162407,0.18219960993077128,0.007112850586825199,"{""test"": {""age_group"": 2, ""employment_status_group"": 7, ""income_group"": 4}, ""val"": {""age_group"": 2, ""employment_status_group"": 7, ""income_group"": 4}}","{""test"": {""age_group"": 0, ""employment_status_group"": 0, ""income_group"": 0}, ""val"": {""age_group"": 0, ""employment_status_group"": 0, ""income_group"": 0}}"
lightgbm,22,2345,0.5222376650451702,0.01645528868841406,0.4955320850717381,0.7679766534878792,0.056260265569034094,0.4950920245398773,0.04954628641146866,0.011823199075394543,0.42944193495632366,0.4955320850717381,0.21307277267166627,0.01645528868841406,0.42944193495632366,0.181102543858311,0.011823199075394543,"{""test"": {""age_group"": 2, ""employment_status_group"": 7, ""income_group"": 4}, ""val"": {""age_group"": 2, ""employment_status_group"": 7, ""income_group"": 4}}","{""test"": {""age_group"": 0, ""employment_status_group"": 0, ""income_group"": 0}, ""val"": {""age_group"": 0, ""employment_status_group"": 0, ""income_group"": 0}}"
lightgbm,23,1507,0.5253648366921473,0.019685342073361294,0.4903776830914865,0.7662592536900519,0.05665604654384264,0.49754601226993866,0.04971785877687967,0.009432060789960872,0.43423347022107767,0.49037768309148644,0.2114600215894528,0.019685342073361294,0.43423347022107767,0.18168923811362966,0.009432060789960872,"{""test"": {""age_group"": 2, ""employment_status_group"": 7, ""income_group"": 4}, ""val"": {""age_group"": 2, ""employment_status_group"": 7, ""income_group"": 4}}","{""test"": {""age_group"": 0, ""employment_status_group"": 0, ""income_group"": 0}, ""val"": {""age_group"": 0, ""employment_status_group"": 0, ""income_group"": 0}}"
lightgbm,24,1234,0.5090340514246005,0.010122159114171777,0.5024558381311192,0.7339528084874323,0.05462272178576376,0.4803680981595092,0.04988307661023842,0.009320739658679095,0.43448282556618173,0.5024558381311192,0.20530742327804052,0.010122159114171777,0.43448282556618173,0.17992096372007615,0.009320739658679095,"{""test"": {""age_group"": 2, ""employment_status_group"": 7, ""income_group"": 4}, ""val"": {""age_group"": 2, ""employment_status_group"": 7, ""income_group"": 4}}","{""test"": {""age_group"": 0, ""employment_status_group"": 0, ""income_group"": 0}, ""val"": {""age_group"": 0, ""employment_status_group"": 0, ""income_group"": 0}}"
lightgbm,25,595,0.5170257123002084,0.009939591166806878,0.48805569767247353,0.7740765810836253,0.05607226960600004,0.49693251533742333,0.0499339128666565,0.011746774694710341,0.4376288043862001,0.48805569767247353,0.21362299439450907,0.009939591166806878,0.4376288043862001,0.18437582417563494,0.011746774694710341,"{""test"": {""age_group"": 2, ""employment_status_group"": 7, ""income_group"": 4}, ""val"": {""age_group"": 2, ""employment_status_group"": 7, ""income_group"": 4}}","{""test"": {""age_group"": 0, ""employment_status_group"": 0, ""income_group"": 0}, ""val"": {""age_group"": 0, ""employment_status_group"": 0, ""income_group"": 0}}"
lightgbm,26,1044,0.5173731758165393,0.022913141532959837,0.5002867935273073,0.7669319693631174,0.05654225951358518,0.49754601226993866,0.04992120380255198,0.009385011190949916,0.4361948394708678,0.5002867935273073,0.2189410464455548,0.022913141532959837,0.4361948394708678,0.18428954935017408,0.009385011190949916,"{""test"": {""age_group"": 2, ""employment_status_group"": 7, ""income_group"": 4}, ""val"": {""age_group"": 2, ""employment_status_group"": 7, ""income_group"": 4}}","{""test"": {""age_group"": 0, ""employment_status_group"": 0, ""income_group"": 0}, ""val"": {""age_group"": 0, ""employment_status_group"": 0, ""income_group"": 0}}"
lightgbm,27,532,0.5135510771369006,0.013929526160000483,0.4982301162388485,0.7756745104876182,0.05537965290008509,0.48895705521472393,0.0495399318794164,0.011826696545909374,0.44299677090293,0.4982301162388485,0.23552911153530215,0.013929526160000483,0.44299677090293005,0.18920741016633255,0.011826696545909374,"{""test"": {""age_group"": 2, ""employment_status_group"": 7, ""income_group"": 4}, ""val"": {""age_group"": 2, ""employment_status_group"": 7, ""income_group"": 4}}","{""test"": {""age_group"": 0, ""employment_status_group"": 0, ""income_group"": 0}, ""val"": {""age_group"": 0, ""employment_status_group"": 0, ""income_group"": 0}}"
lightgbm,28,2468,0.5191104933981932,0.023447955631352956,0.49166445915084916,0.7648351713532551,0.05660162665980646,0.4950920245398773,0.049838594885872604,0.011769251596540077,0.43270765309287357,0.49166445915084916,0.21917181904918068,0.023447955631352956,0.43270765309287357,0.1849275980994564,0.011769251596540077,"{""test"": {""age_group"": 2, ""employment_status_group"": 7, ""income_group"": 4}, ""val"": {""age_group"": 2, ""employment_status_group"": 7, ""income_group"": 4}}","{""test"": {""age_group"": 0, ""employment_status_group"": 0, ""income_group"": 0}, ""val"": {""age_group"": 0, ""employment_status_group"": 0, ""income_group"": 0}}"
lightgbm,29,571,0.48227936066712995,0.025708876623277747,0.5083896017894081,0.5970164179442325,0.050130607721686815,0.4766871165644172,0.04998474912307458,0.018426684798362274,0.45694394697769825,0.5083896017894081,0.21660728601162857,0.025708876623277747,0.45694394697769825,0.18301448075461704,0.018426684798362274,"{""test"": {""age_group"": 2, ""employment_status_group"": 7, ""income_group"": 4}, ""val"": {""age_group"": 2, ""employment_status_group"": 7, ""income_group"": 4}}","{""test"": {""age_group"": 0, ""employment_status_group"": 0, ""income_group"": 0}, ""val"": {""age_group"": 0, ""employment_status_group"": 0, ""income_group"": 0}}"
lightgbm,30,214,0.46316886726893675,0.0,0.5266244128767041,0.6692874021358706,0.05422199354877011,0.456441717791411,0.04971150424482741,0.028337966454894253,0.4762818656192399,0.5266244128767041,0.26412882796444975,0.0,0.4762818656192399,0.22877840261325513,0.028337966454894253,"{""test"": {""age_group"": 2, ""employment_status_group"": 7, ""income_group"": 4}, ""val"": {""age_group"": 2, ""employment_status_group"": 7, ""income_group"": 4}}","{""test"": {""age_group"": 0, ""employment_status_group"": 0, ""income_group"": 0}, ""val"": {""age_group"": 0, ""employment_status_group"": 0, ""income_group"": 0}}"
lightgbm,31,1507,0.5271021542738012,0.016230519724573848,0.4928822569625648,0.7659265834187661,0.05725961253042566,0.5012269938650307,0.04975598596919323,0.007064670476827561,0.4301992164295168,0.49288225696256477,0.2142209848612675,0.016230519724573848,0.43019921642951675,0.18147806881432368,0.007064670476827561,"{""test"": {""age_group"": 2, ""employment_status_group"": 7, ""income_group"": 4}, ""val"": {""age_group"": 2, ""employment_status_group"": 7, ""income_group"": 4}}","{""test"": {""age_group"": 0, ""employment_status_group"": 0, ""income_group"": 0}, ""val"": {""age_group"": 0, ""employment_status_group"": 0, ""income_group"": 0}}"
lightgbm,32,2191,0.5222376650451702,0.022761863495855805,0.4969915570114105,0.7661653982868736,0.056992460372429894,0.4950920245398773,0.04995933099486554,0.011715794190020995,0.43151369463976136,0.4969915570114105,0.21922275407521155,0.022761863495855805,0.43151369463976136,0.18742634413425377,0.011715794190020995,"{""test"": {""age_group"": 2, ""employment_status_group"": 7, ""income_group"": 4}, ""val"": {""age_group"": 2, ""employment_status_group"": 7, ""income_group"": 4}}","{""test"": {""age_group"": 0, ""employment_status_group"": 0, ""income_group"": 0}, ""val"": {""age_group"": 0, ""employment_status_group"": 0, ""income_group"": 0}}"
lightgbm,33,1099,0.5302293259207783,0.016256918388496324,0.5000475359884854,0.7683521619725605,0.056997407634615006,0.498159509202454,0.049578059071729956,0.014173169042285367,0.4333045819980864,0.5000475359884854,0.21716358080716403,0.016256918388496324,0.43330458199808636,0.18388745663782316,0.014173169042285367,"{""test"": {""age_group"": 2, ""employment_status_group"": 7, ""income_group"": 4}, ""val"": {""age_group"": 2, ""employment_status_group"": 7, ""income_group"": 4}}","{""test"": {""age_group"": 0, ""employment_status_group"": 0, ""income_group"": 0}, ""val"": {""age_group"": 0, ""employment_status_group"": 0, ""income_group"": 0}}"
lightgbm,34,567,0.5093815149409312,0.024031138033658854,0.49676533847150756,0.7388299436804314,0.053850948884887104,0.48282208588957054,0.04994026739870876,0.009295006724428165,0.45061137064348816,0.49676533847150756,0.21253172777152265,0.024031138033658854,0.4506113706434881,0.18788785927204066,0.009295006724428165,"{""test"": {""age_group"": 2, ""employment_status_group"": 7, ""income_group"": 4}, ""val"": {""age_group"": 2, ""employment_status_group"": 7, ""income_group"": 4}}","{""test"": {""age_group"": 0, ""employment_status_group"": 0, ""income_group"": 0}, ""val"": {""age_group"": 0, ""employment_status_group"": 0, ""income_group"": 0}}"
lightgbm,35,1169,0.5288394718554552,0.02608844617546317,0.49945288486460726,0.7672829366178057,0.05694298775057883,0.49570552147239266,0.04971785877687967,0.009440412673777248,0.4329521603888115,0.49945288486460726,0.20952706750747205,0.02608844617546317,0.4329521603888115,0.17963753795855933,0.009440412673777248,"{""test"": {""age_group"": 2, ""employment_status_group"": 7, ""income_group"": 4}, ""val"": {""age_group"": 2, ""employment_status_group"": 7, ""income_group"": 4}}","{""test"": {""age_group"": 0, ""employment_status_group"": 0, ""income_group"": 0}, ""val"": {""age_group"": 0, ""employment_status_group"": 0, ""income_group"": 0}}"
lightgbm,36,374,0.5024322446143155,0.028720556016401687,0.5061952576358661,0.6329604148208108,0.053707478281519005,0.47484662576687114,0.04967337705251385,0.0162875619795796,0.45539405465197746,0.5061952576358661,0.21781594547206112,0.028720556016401687,0.4553940546519775,0.17856586830850935,0.0162875619795796,"{""test"": {""age_group"": 2, ""employment_status_group"": 7, ""income_group"": 4}, ""val"": {""age_group"": 2, ""employment_status_group"": 7, ""income_group"": 4}}","{""test"": {""age_group"": 0, ""employment_status_group"": 0, ""income_group"": 0}, ""val"": {""age_group"": 0, ""employment_status_group"": 0, ""income_group"": 0}}"
lightgbm,37,1564,0.5295343988881167,0.028809157636765528,0.5017539158431611,0.7703721219652374,0.05727940157916609,0.48957055214723927,0.04980682222561131,0.01172438348194916,0.4266810532021509,0.5017539158431611,0.213781387798448,0.028809157636765528,0.4266810532021509,0.18441313651512395,0.01172438348194916,"{""test"": {""age_group"": 2, ""employment_status_group"": 7, ""income_group"": 4}, ""val"": {""age_group"": 2, ""employment_status_group"": 7, ""income_group"": 4}}","{""test"": {""age_group"": 0, ""employment_status_group"": 0, ""income_group"": 0}, ""val"": {""age_group"": 0, ""employment_status_group"": 0, ""income_group"": 0}}"
lightgbm,38,1185,0.5239749826268242,0.028852978011533876,0.49668079340215326,0.7679646936562202,0.05738824134723844,0.49938650306748467,0.04983224035382035,0.009397419755768273,0.43455422735492977,0.49668079340215326,0.21216784612439926,0.028852978011533876,0.4345542273549297,0.18179013008644862,0.009397419755768273,"{""test"": {""age_group"": 2, ""employment_status_group"": 7, ""income_group"": 4}, ""val"": {""age_group"": 2, ""employment_status_group"": 7, ""income_group"": 4}}","{""test"": {""age_group"": 0, ""employment_status_group"": 0, ""income_group"": 0}, ""val"": {""age_group"": 0, ""employment_status_group"": 0, ""income_group"": 0}}"
lightgbm,39,759,0.501737317581654,0.03511776604248498,0.4977585438201377,0.6458024771104819,0.05281202382601469,0.4736196319018405,0.04985765848202938,0.01868504053673569,0.4383910591508499,0.49775854382013773,0.20099379297061085,0.03511776604248498,0.4383910591508499,0.18458787777188762,0.01868504053673569,"{""test"": {""age_group"": 2, ""employment_status_group"": 7, ""income_group"": 4}, ""val"": {""age_group"": 2, ""employment_status_group"": 7, ""income_group"": 4}}","{""test"": {""age_group"": 0, ""employment_status_group"": 0, ""income_group"": 0}, ""val"": {""age_group"": 0, ""employment_status_group"": 0, ""income_group"": 0}}"
lightgbm,40,1591,0.5246699096594858,0.019672047582814885,0.4878162614480883,0.7680144851026999,0.05656699582451072,0.5,0.04933658685374409,0.011854750978042,0.43219102100891593,0.4878162614480883,0.20685028684035206,0.019672047582814885,0.43219102100891593,0.17984488730373938,0.011854750978042,"{""test"": {""age_group"": 2, ""employment_status_group"": 7, ""income_group"": 4}, ""val"": {""age_group"": 2, ""employment_status_group"": 7, ""income_group"": 4}}","{""test"": {""age_group"": 0, ""employment_status_group"": 0, ""income_group"": 0}, ""val"": {""age_group"": 0, ""employment_status_group"": 0, ""income_group"": 0}}"
lightgbm,41,1553,0.5302293259207783,0.022571803339518838,0.48812810927779765,0.7664401112319768,0.05745750301782993,0.498159509202454,0.04999110365512684,0.011729543105015883,0.4306034915208011,0.48812810927779765,0.21361823613186626,0.022571803339518838,0.430603491520801,0.18037342465826564,0.011729543105015883,"{""test"": {""age_group"": 2, ""employment_status_group"": 7, ""income_group"": 4}, ""val"": {""age_group"": 2, ""employment_status_group"": 7, ""income_group"": 4}}","{""test"": {""age_group"": 0, ""employment_status_group"": 0, ""income_group"": 0}, ""val"": {""age_group"": 0, ""employment_status_group"": 0, ""income_group"": 0}}"
lightgbm,42,1102,0.5302293259207783,0.016182601047291773,0.4930985364321996,0.767869137200751,0.05718045633546395,0.49693251533742333,0.04983224035382035,0.004698709877884137,0.4323183436409178,0.4930985364321996,0.20717621914819812,0.016182601047291773,0.4323183436409178,0.18200613303007826,0.004698709877884137,"{""test"": {""age_group"": 2, ""employment_status_group"": 7, ""income_group"": 4}, ""val"": {""age_group"": 2, ""employment_status_group"": 7, ""income_group"": 4}}","{""test"": {""age_group"": 0, ""employment_status_group"": 0, ""income_group"": 0}, ""val"": {""age_group"": 0, ""employment_status_group"": 0, ""income_group"": 0}}"
lightgbm,43,1685,0.5264072272411396,0.016105906255598445,0.4998543562989538,0.7670042428848076,0.05753171195060654,0.49938650306748467,0.0498703675461339,0.011746774694710341,0.4382095962351674,0.49985435629895386,0.2151828461943294,0.016105906255598445,0.4382095962351674,0.18119133562630793,0.011746774694710341,"{""test"": {""age_group"": 2, ""employment_status_group"": 7, ""income_group"": 4}, ""val"": {""age_group"": 2, ""employment_status_group"": 7, ""income_group"": 4}}","{""test"": {""age_group"": 0, ""employment_status_group"": 0, ""income_group"": 0}, ""val"": {""age_group"": 0, ""employment_status_group"": 0, ""income_group"": 0}}"
lightgbm,44,2594,0.5305767894371091,0.019415423080925184,0.49658357836027567,0.7662161834177973,0.05727940157916609,0.49570552147239266,0.0498703675461339,0.016457573285158865,0.4248968063885999,0.49658357836027567,0.20929420218900185,0.019415423080925184,0.4248968063885999,0.17984596834384636,0.016457573285158865,"{""test"": {""age_group"": 2, ""employment_status_group"": 7, ""income_group"": 4}, ""val"": {""age_group"": 2, ""employment_status_group"": 7, ""income_group"": 4}}","{""test"": {""age_group"": 0, ""employment_status_group"": 0, ""income_group"": 0}, ""val"": {""age_group"": 0, ""employment_status_group"": 0, ""income_group"": 0}}"
lightgbm,45,1241,0.5100764419735928,0.027287734376643755,0.5102871139548715,0.7347106071707062,0.05395484139077435,0.4822085889570552,0.04983224035382035,0.013993343213689943,0.43908033917878014,0.5102871139548715,0.21033771738249182,0.027287734376643755,0.43908033917878014,0.18151839510803494,0.013993343213689943,"{""test"": {""age_group"": 2, ""employment_status_group"": 7, ""income_group"": 4}, ""val"": {""age_group"": 2, ""employment_status_group"": 7, ""income_group"": 4}}","{""test"": {""age_group"": 0, ""employment_status_group"": 0, ""income_group"": 0}, ""val"": {""age_group"": 0, ""employment_status_group"": 0, ""income_group"": 0}}"
lightgbm,46,322,0.48992355802640725,0.02471267768493549,0.5081763744576964,0.6370667357429886,0.052198563315061446,0.4625766871165644,0.04994026739870876,0.032617836097217544,0.45746537970529355,0.5081763744576964,0.21783454654238113,0.02471267768493549,0.45746537970529355,0.1856764850431118,0.032617836097217544,"{""test"": {""age_group"": 2, ""employment_status_group"": 7, ""income_group"": 4}, ""val"": {""age_group"": 2, ""employment_status_group"": 7, ""income_group"": 4}}","{""test"": {""age_group"": 0, ""employment_status_group"": 0, ""income_group"": 0}, ""val"": {""age_group"": 0, ""employment_status_group"": 0, ""income_group"": 0}}"
lightgbm,47,947,0.5295343988881167,0.023214798791725774,0.4966516550916093,0.767969100902417,0.05713593097579799,0.49877300613496933,0.04997839459102232,0.009408477169806535,0.4358712589870587,0.49665165509160925,0.21024868534563645,0.023214798791725774,0.43587125898705875,0.1817332904791266,0.009408477169806535,"{""test"": {""age_group"": 2, ""employment_status_group"": 7, ""income_group"": 4}, ""val"": {""age_group"": 2, ""employment_status_group"": 7, ""income_group"": 4}}","{""test"": {""age_group"": 0, ""employment_status_group"": 0, ""income_group"": 0}, ""val"": {""age_group"": 0, ""employment_status_group"": 0, ""income_group"": 0}}"
lightgbm,48,139,0.46594857539958306,0.0,0.5175451006262306,0.6953386000849937,0.053850948884887104,0.4521472392638037,0.049902140206395204,0.02080192681376036,0.4915287449238158,0.5175451006262306,0.2626749708083051,0.0,0.4915287449238159,0.21157454087770844,0.02080192681376036,"{""test"": {""age_group"": 2, ""employment_status_group"": 7, ""income_group"": 4}, ""val"": {""age_group"": 2, ""employment_status_group"": 7, ""income_group"": 4}}","{""test"": {""age_group"": 0, ""employment_status_group"": 0, ""income_group"": 0}, ""val"": {""age_group"": 0, ""employment_status_group"": 0, ""income_group"": 0}}"
lightgbm,49,773,0.5218902015288395,0.024559963797965906,0.5146309512057259,0.7780808268210848,0.05822927591870659,0.48957055214723927,0.0499339128666565,0.011738152575879813,0.44717189560686676,0.5146309512057259,0.20769512651036787,0.024559963797965906,0.44717189560686676,0.1743929299082986,0.011738152575879813,"{""test"": {""age_group"": 2, ""employment_status_group"": 7, ""income_group"": 4}, ""val"": {""age_group"": 2, ""employment_status_group"": 7, ""income_group"": 4}}","{""test"": {""age_group"": 0, ""employment_status_group"": 0, ""income_group"": 0}, ""val"": {""age_group"": 0, ""employment_status_group"": 0, ""income_group"": 0}}"
lightgbm,50,201,0.46143154968728284,0.03013720181737077,0.5020351766769031,0.6957967794179982,0.04934894029643995,0.4558282208588957,0.04990849473844746,0.013979072613093231,0.4519429645283684,0.5020351766769031,0.21174844207720023,0.03013720181737077,0.4519429645283684,0.19748441528141192,0.013979072613093231,"{""test"": {""age_group"": 2, ""employment_status_group"": 7, ""income_group"": 4}, ""val"": {""age_group"": 2, ""employment_status_group"": 7, ""income_group"": 4}}","{""test"": {""age_group"": 0, ""employment_status_group"": 0, ""income_group"": 0}, ""val"": {""age_group"": 0, ""employment_status_group"": 0, ""income_group"": 0}}"
lightgbm,51,1813,0.5225851285615011,0.022735757946591707,0.4971556180063808,0.7669794527492111,0.056982565848059684,0.5,0.04969244064867063,0.01178660013957743,0.4391301057369245,0.49715561800638075,0.21527520184362348,0.022735757946591707,0.4391301057369245,0.179415943446106,0.01178660013957743,"{""test"": {""age_group"": 2, ""employment_status_group"": 7, ""income_group"": 4}, ""val"": {""age_group"": 2, ""employment_status_group"": 7, ""income_group"": 4}}","{""test"": {""age_group"": 0, ""employment_status_group"": 0, ""income_group"": 0}, ""val"": {""age_group"": 0, ""employment_status_group"": 0, ""income_group"": 0}}"
lightgbm,52,1548,0.5281445448227936,0.01927957386496561,0.49149487092345673,0.7646070252446552,0.0577246551758257,0.498159509202454,0.04997839459102232,0.014050718174882404,0.4326769147304931,0.49149487092345673,0.21215421952717323,0.01927957386496561,0.4326769147304931,0.18078391165423582,0.014050718174882404,"{""test"": {""age_group"": 2, ""employment_status_group"": 7, ""income_group"": 4}, ""val"": {""age_group"": 2, ""employment_status_group"": 7, ""income_group"": 4}}","{""test"": {""age_group"": 0, ""employment_status_group"": 0, ""income_group"": 0}, ""val"": {""age_group"": 0, ""employment_status_group"": 0, ""income_group"": 0}}"
lightgbm,53,1278,0.5264072272411396,0.02597627532911348,0.4848854679709156,0.7665662376522393,0.05732392693883205,0.4950920245398773,0.04971150424482741,0.009475371986004242,0.42407498259244514,0.48488546797091553,0.21083770414633773,0.02597627532911348,0.4240749825924451,0.17957434835662198,0.009475371986004242,"{""test"": {""age_group"": 2, ""employment_status_group"": 7, ""income_group"": 4}, ""val"": {""age_group"": 2, ""employment_status_group"": 7, ""income_group"": 4}}","{""test"": {""age_group"": 0, ""employment_status_group"": 0, ""income_group"": 0}, ""val"": {""age_group"": 0, ""employment_status_group"": 0, ""income_group"": 0}}"
lightgbm,54,1997,0.5250173731758165,0.016258473925611288,0.49618457786493175,0.7667407087027569,0.056918251439653296,0.49754601226993866,0.049876722078186164,0.014098200766422559,0.4302792747517225,0.49618457786493175,0.2101180396134272,0.016258473925611288,0.43027927475172245,0.18278518549890682,0.014098200766422559,"{""test"": {""age_group"": 2, ""employment_status_group"": 7, ""income_group"": 4}, ""val"": {""age_group"": 2, ""employment_status_group"": 7, ""income_group"": 4}}","{""test"": {""age_group"": 0, ""employment_status_group"": 0, ""income_group"": 0}, ""val"": {""age_group"": 0, ""employment_status_group"": 0, ""income_group"": 0}}"
lightgbm,55,2881,0.5288394718554552,0.019409878457484656,0.4965763853205589,0.7672007115108961,0.05735361051194269,0.49754601226993866,0.04998474912307458,0.007019191983633645,0.4286486206411595,0.4965763853205589,0.21317752275343635,0.019409878457484656,0.4286486206411595,0.1845322424648237,0.007019191983633645,"{""test"": {""age_group"": 2, ""employment_status_group"": 7, ""income_group"": 4}, ""val"": {""age_group"": 2, ""employment_status_group"": 7, ""income_group"": 4}}","{""test"": {""age_group"": 0, ""employment_status_group"": 0, ""income_group"": 0}, ""val"": {""age_group"": 0, ""employment_status_group"": 0, ""income_group"": 0}}"
lightgbm,56,397,0.5034746351633078,0.0468842967370305,0.5009247943318456,0.6595342778728362,0.054187362713474366,0.4834355828220859,0.04992120380255198,0.030367626044686322,0.44469401995228786,0.5009247943318456,0.22268724955703179,0.0468842967370305,0.4446940199522878,0.1913575287493643,0.030367626044686322,"{""test"": {""age_group"": 2, ""employment_status_group"": 7, ""income_group"": 4}, ""val"": {""age_group"": 2, ""employment_status_group"": 7, ""income_group"": 4}}","{""test"": {""age_group"": 0, ""employment_status_group"": 0, ""income_group"": 0}, ""val"": {""age_group"": 0, ""employment_status_group"": 0, ""income_group"": 0}}"
lightgbm,57,1465,0.5222376650451702,0.016258473925611288,0.4979599319871851,0.7666549308662552,0.05708151109176182,0.49693251533742333,0.04994662193076102,0.009400181671934554,0.429795211109085,0.49795993198718513,0.22014227086908195,0.016258473925611288,0.429795211109085,0.18742891365213277,0.009400181671934554,"{""test"": {""age_group"": 2, ""employment_status_group"": 7, ""income_group"": 4}, ""val"": {""age_group"": 2, ""employment_status_group"": 7, ""income_group"": 4}}","{""test"": {""age_group"": 0, ""employment_status_group"": 0, ""income_group"": 0}, ""val"": {""age_group"": 0, ""employment_status_group"": 0, ""income_group"": 0}}"
lightgbm,58,332,0.4954829742876998,0.03505618134857924,0.4820507662544172,0.6349784122479999,0.05305938693527002,0.4625766871165644,0.04998474912307458,0.016339864762173494,0.4401508476665248,0.48205076625441723,0.200649768231957,0.03505618134857924,0.4401508476665248,0.18663235656721622,0.016339864762173494,"{""test"": {""age_group"": 2, ""employment_status_group"": 7, ""income_group"": 4}, ""val"": {""age_group"": 2, ""employment_status_group"": 7, ""income_group"": 4}}","{""test"": {""age_group"": 0, ""employment_status_group"": 0, ""income_group"": 0}, ""val"": {""age_group"": 0, ""employment_status_group"": 0, ""income_group"": 0}}"
lightgbm,59,1,0.39471855455177207,0.19280524119521972,0.5630576989239434,0.9999784165254462,0.05745750301782993,0.349079754601227,0.04887270601392914,0.17535377713840405,0.48189144170114917,0.5630576989239434,0.19280524119521972,0.28090620074765527,0.4818914417011491,0.17535377713840405,0.24983831992010516,"{""test"": {""age_group"": 2, ""employment_status_group"": 7, ""income_group"": 4}, ""val"": {""age_group"": 2, ""employment_status_group"": 7, ""income_group"": 4}}","{""test"": {""age_group"": 0, ""employment_status_group"": 0, ""income_group"": 0}, ""val"": {""age_group"": 0, ""employment_status_group"": 0, ""income_group"": 0}}"
lightgbm,60,2387,0.5257123002084781,0.016202661485321214,0.5008172359280508,0.7651353733636185,0.056992460372429894,0.49693251533742333,0.04997839459102232,0.009374008833164513,0.4329947082258809,0.5008172359280508,0.2110656292582322,0.016202661485321214,0.4329947082258809,0.18241222855532044,0.009374008833164513,"{""test"": {""age_group"": 2, ""employment_status_group"": 7, ""income_group"": 4}, ""val"": {""age_group"": 2, ""employment_status_group"": 7, ""income_group"": 4}}","{""test"": {""age_group"": 0, ""employment_status_group"": 0, ""income_group"": 0}, ""val"": {""age_group"": 0, ""employment_status_group"": 0, ""income_group"": 0}}"
lightgbm,61,1345,0.5302293259207783,0.025931676611455717,0.4856289694432591,0.7663576906520628,0.05749213385312568,0.4950920245398773,0.04995297646281328,0.011753681515051196,0.4273604780886243,0.48562896944325906,0.21393250923905308,0.025931676611455717,0.4273604780886243,0.17821259714979235,0.011753681515051196,"{""test"": {""age_group"": 2, ""employment_status_group"": 7, ""income_group"": 4}, ""val"": {""age_group"": 2, ""employment_status_group"": 7, ""income_group"": 4}}","{""test"": {""age_group"": 0, ""employment_status_group"": 0, ""income_group"": 0}, ""val"": {""age_group"": 0, ""employment_status_group"": 0, ""income_group"": 0}}"
lightgbm,62,1971,0.5239749826268242,0.022770578672842826,0.4944556123996338,0.7658548402455236,0.056883620604357546,0.5049079754601227,0.04997204005897006,0.007022274181518731,0.4297625758403323,0.49445561239963387,0.2216645770470245,0.022770578672842826,0.4297625758403323,0.18338322216123046,0.007022274181518731,"{""test"": {""age_group"": 2, ""employment_status_group"": 7, ""income_group"": 4}, ""val"": {""age_group"": 2, ""employment_status_group"": 7, ""income_group"": 4}}","{""test"": {""age_group"": 0, ""employment_status_group"": 0, ""income_group"": 0}, ""val"": {""age_group"": 0, ""employment_status_group"": 0, ""income_group"": 0}}"
lightgbm,63,1909,0.5243224461431549,0.02591437399623503,0.49642542865930367,0.7670888168809782,0.057239823481685236,0.49141104294478527,0.04972421330893193,0.011784862984066807,0.43883679075494936,0.4964254286593036,0.20993372053368262,0.02591437399623503,0.43883679075494936,0.18188345429547215,0.011784862984066807,"{""test"": {""age_group"": 2, ""employment_status_group"": 7, ""income_group"": 4}, ""val"": {""age_group"": 2, ""employment_status_group"": 7, ""income_group"": 4}}","{""test"": {""age_group"": 0, ""employment_status_group"": 0, ""income_group"": 0}, ""val"": {""age_group"": 0, ""employment_status_group"": 0, ""income_group"": 0}}"
lightgbm,64,2433,0.5246699096594858,0.01943392805908085,0.49724163005986066,0.7654227808575812,0.05719035085983417,0.49938650306748467,0.049787758629454525,0.011734707271337436,0.43023695299754766,0.4972416300598606,0.20908333466473683,0.01943392805908085,0.4302369529975476,0.18285634785821667,0.011734707271337436,"{""test"": {""age_group"": 2, ""employment_status_group"": 7, ""income_group"": 4}, ""val"": {""age_group"": 2, ""employment_status_group"": 7, ""income_group"": 4}}","{""test"": {""age_group"": 0, ""employment_status_group"": 0, ""income_group"": 0}, ""val"": {""age_group"": 0, ""employment_status_group"": 0, ""income_group"": 0}}"
lightgbm,65,631,0.5083391243919388,0.0315441983257215,0.5111405419778267,0.5541512372790979,0.05563691053371064,0.46809815950920247,0.04998474912307458,0.02327810636008538,0.4467502410800386,0.5111405419778267,0.21801922927370132,0.0315441983257215,0.4467502410800386,0.17715254199126415,0.02327810636008538,"{""test"": {""age_group"": 2, ""employment_status_group"": 7, ""income_group"": 4}, ""val"": {""age_group"": 2, ""employment_status_group"": 7, ""income_group"": 4}}","{""test"": {""age_group"": 0, ""employment_status_group"": 0, ""income_group"": 0}, ""val"": {""age_group"": 0, ""employment_status_group"": 0, ""income_group"": 0}}"
lightgbm,66,1674,0.5107713690062543,0.02028661558012897,0.5059702973725672,0.734932782949294,0.05449904023113609,0.48466257668711654,0.049787758629454525,0.016344636222171208,0.4425124198991123,0.5059702973725672,0.20628946250545155,0.02028661558012897,0.44251241989911233,0.18357112855175572,0.016344636222171208,"{""test"": {""age_group"": 2, ""employment_status_group"": 7, ""income_group"": 4}, ""val"": {""age_group"": 2, ""employment_status_group"": 7, ""income_group"": 4}}","{""test"": {""age_group"": 0, ""employment_status_group"": 0, ""income_group"": 0}, ""val"": {""age_group"": 0, ""employment_status_group"": 0, ""income_group"": 0}}"
lightgbm,67,2011,0.5250173731758165,0.021243671742779885,0.49423122398325453,0.766056899681716,0.05703698573209586,0.505521472392638,0.04972421330893193,0.009422335583666907,0.43334317459017013,0.4942312239832545,0.21397259043736525,0.021243671742779885,0.4333431745901701,0.1815922854785637,0.009422335583666907,"{""test"": {""age_group"": 2, ""employment_status_group"": 7, ""income_group"": 4}, ""val"": {""age_group"": 2, ""employment_status_group"": 7, ""income_group"": 4}}","{""test"": {""age_group"": 0, ""employment_status_group"": 0, ""income_group"": 0}, ""val"": {""age_group"": 0, ""employment_status_group"": 0, ""income_group"": 0}}"
lightgbm,68,2328,0.5149409312022237,0.020057128978543802,0.5025745267002011,0.7667006117538151,0.05541428373538084,0.49570552147239266,0.04960983173199126,0.009416787321877614,0.43786763929006745,0.5025745267002011,0.2195792324395507,0.020057128978543802,0.43786763929006745,0.18336366084546527,0.009416787321877614,"{""test"": {""age_group"": 2, ""employment_status_group"": 7, ""income_group"": 4}, ""val"": {""age_group"": 2, ""employment_status_group"": 7, ""income_group"": 4}}","{""test"": {""age_group"": 0, ""employment_status_group"": 0, ""income_group"": 0}, ""val"": {""age_group"": 0, ""employment_status_group"": 0, ""income_group"": 0}}"
lightgbm,69,1950,0.5271021542738012,0.02255896020817345,0.4980661725461216,0.76442676415181,0.05754160647497675,0.5012269938650307,0.04999745818717909,0.01405689340994315,0.4281637240114749,0.4980661725461216,0.20959280843672382,0.02255896020817345,0.42816372401147496,0.18215838290567393,0.01405689340994315,"{""test"": {""age_group"": 2, ""employment_status_group"": 7, ""income_group"": 4}, ""val"": {""age_group"": 2, ""employment_status_group"": 7, ""income_group"": 4}}","{""test"": {""age_group"": 0, ""employment_status_group"": 0, ""income_group"": 0}, ""val"": {""age_group"": 0, ""employment_status_group"": 0, ""income_group"": 0}}"
lightgbm,70,2432,0.527449617790132,0.022563239627733,0.49478593020673656,0.7643029009893285,0.05761086814556824,0.49877300613496933,0.04999110365512684,0.011708931812402004,0.4337732102677137,0.4947859302067365,0.21167494476387375,0.022563239627733,0.4337732102677137,0.18487172211029618,0.011708931812402004,"{""test"": {""age_group"": 2, ""employment_status_group"": 7, ""income_group"": 4}, ""val"": {""age_group"": 2, ""employment_status_group"": 7, ""income_group"": 4}}","{""test"": {""age_group"": 0, ""employment_status_group"": 0, ""income_group"": 0}, ""val"": {""age_group"": 0, ""employment_status_group"": 0, ""income_group"": 0}}"
lightgbm,71,286,0.4318971507991661,0.10802332277520679,0.4998780381443479,0.8903904247225803,0.056329527239625594,0.38098159509202456,0.04991484927049972,0.1063719726459049,0.4456187871283455,0.49987803814434795,0.2521899648083195,0.10802332277520679,0.44561878712834546,0.21383873362370162,0.1063719726459049,"{""test"": {""age_group"": 2, ""employment_status_group"": 7, ""income_group"": 4}, ""val"": {""age_group"": 2, ""employment_status_group"": 7, ""income_group"": 4}}","{""test"": {""age_group"": 0, ""employment_status_group"": 0, ""income_group"": 0}, ""val"": {""age_group"": 0, ""employment_status_group"": 0, ""income_group"": 0}}"
lightgbm,72,2286,0.5267546907574705,0.019452468345342137,0.4974136112252626,0.7654291937147285,0.057106247402687355,0.503680981595092,0.04984494941792486,0.011750227089918191,0.4315072407184797,0.49741361122526256,0.21527160399680628,0.019452468345342137,0.4315072407184797,0.18362960861775585,0.011750227089918191,"{""test"": {""age_group"": 2, ""employment_status_group"": 7, ""income_group"": 4}, ""val"": {""age_group"": 2, ""employment_status_group"": 7, ""income_group"": 4}}","{""test"": {""age_group"": 0, ""employment_status_group"": 0, ""income_group"": 0}, ""val"": {""age_group"": 0, ""employment_status_group"": 0, ""income_group"": 0}}"
lightgbm,73,2286,0.5239749826268242,0.022823010207731847,0.4985536406183958,0.7654283751240893,0.05671046642787881,0.5042944785276073,0.04979411316150679,0.01175195404863217,0.4331670993980444,0.49855364061839585,0.21365400359674694,0.022823010207731847,0.4331670993980443,0.18368884863850313,0.01175195404863217,"{""test"": {""age_group"": 2, ""employment_status_group"": 7, ""income_group"": 4}, ""val"": {""age_group"": 2, ""employment_status_group"": 7, ""income_group"": 4}}","{""test"": {""age_group"": 0, ""employment_status_group"": 0, ""income_group"": 0}, ""val"": {""age_group"": 0, ""employment_status_group"": 0, ""income_group"": 0}}"
lightgbm,74,2308,0.5222376650451702,0.01616874212546994,0.5080749302546336,0.7662754856933941,0.057274454316980986,0.5024539877300613,0.049654313456357076,0.0117727172183294,0.4309663729301968,0.5080749302546336,0.21386081221223946,0.01616874212546994,0.43096637293019685,0.18298916742653,0.0117727172183294,"{""test"": {""age_group"": 2, ""employment_status_group"": 7, ""income_group"": 4}, ""val"": {""age_group"": 2, ""employment_status_group"": 7, ""income_group"": 4}}","{""test"": {""age_group"": 0, ""employment_status_group"": 0, ""income_group"": 0}, ""val"": {""age_group"": 0, ""employment_status_group"": 0, ""income_group"": 0}}"
lightgbm,75,970,0.5138985406532314,0.02707306289528995,0.5059857766970328,0.7052518150432735,0.0546524053588744,0.4852760736196319,0.04998474912307458,0.013979072613093231,0.4264663186846956,0.5059857766970327,0.205246091153718,0.02707306289528995,0.42646631868469564,0.18061675377285416,0.013979072613093231,"{""test"": {""age_group"": 2, ""employment_status_group"": 7, ""income_group"": 4}, ""val"": {""age_group"": 2, ""employment_status_group"": 7, ""income_group"": 4}}","{""test"": {""age_group"": 0, ""employment_status_group"": 0, ""income_group"": 0}, ""val"": {""age_group"": 0, ""employment_status_group"": 0, ""income_group"": 0}}"
lightgbm,76,3038,0.5239749826268242,0.022584661102742716,0.500195489951364,0.7657889117812389,0.057437713969089504,0.498159509202454,0.04952086828325962,0.011814464442507873,0.43426886245607416,0.500195489951364,0.2144858639770156,0.022584661102742716,0.43426886245607416,0.18423157690469263,0.011814464442507873,"{""test"": {""age_group"": 2, ""employment_status_group"": 7, ""income_group"": 4}, ""val"": {""age_group"": 2, ""employment_status_group"": 7, ""income_group"": 4}}","{""test"": {""age_group"": 0, ""employment_status_group"": 0, ""income_group"": 0}, ""val"": {""age_group"": 0, ""employment_status_group"": 0, ""income_group"": 0}}"
lightgbm,77,2563,0.5264072272411396,0.016001253507539653,0.49748500891245984,0.7651765056331481,0.05791265113885975,0.49938650306748467,0.049838594885872604,0.0070387583932124366,0.42891125575913425,0.49748500891245984,0.21373446846256397,0.016001253507539653,0.42891125575913425,0.1841876903983383,0.0070387583932124366,"{""test"": {""age_group"": 2, ""employment_status_group"": 7, ""income_group"": 4}, ""val"": {""age_group"": 2, ""employment_status_group"": 7, ""income_group"": 4}}","{""test"": {""age_group"": 0, ""employment_status_group"": 0, ""income_group"": 0}, ""val"": {""age_group"": 0, ""employment_status_group"": 0, ""income_group"": 0}}"
lightgbm,78,2286,0.529186935371786,0.022606123291379742,0.49863942159601216,0.7649671687267774,0.05729424336572141,0.49877300613496933,0.04995297646281328,0.009365773979138306,0.4349449975239599,0.49863942159601216,0.2104151185536917,0.022606123291379742,0.4349449975239599,0.18152642428163368,0.009365773979138306,"{""test"": {""age_group"": 2, ""employment_status_group"": 7, ""income_group"": 4}, ""val"": {""age_group"": 2, ""employment_status_group"": 7, ""income_group"": 4}}","{""test"": {""age_group"": 0, ""employment_status_group"": 0, ""income_group"": 0}, ""val"": {""age_group"": 0, ""employment_status_group"": 0, ""income_group"": 0}}"
lightgbm,79,1004,0.4954829742876998,0.032006190853266475,0.4907244398732659,0.7000966181436501,0.05213919616884016,0.47300613496932514,0.049679731584566116,0.021097703257755486,0.43444767735043094,0.49072443987326597,0.2027325070347831,0.032006190853266475,0.4344476773504309,0.1837231784271309,0.021097703257755486,"{""test"": {""age_group"": 2, ""employment_status_group"": 7, ""income_group"": 4}, ""val"": {""age_group"": 2, ""employment_status_group"": 7, ""income_group"": 4}}","{""test"": {""age_group"": 0, ""employment_status_group"": 0, ""income_group"": 0}, ""val"": {""age_group"": 0, ""employment_status_group"": 0, ""income_group"": 0}}"
lightgbm,80,1988,0.5232800555941626,0.022831772280947214,0.4955370386631186,0.765719368996624,0.056883620604357546,0.5024539877300613,0.04976869503329775,0.011767519550683338,0.4335217406031036,0.4955370386631186,0.2190400094596295,0.022831772280947214,0.43352174060310356,0.18362960861775585,0.011767519550683338,"{""test"": {""age_group"": 2, ""employment_status_group"": 7, ""income_group"": 4}, ""val"": {""age_group"": 2, ""employment_status_group"": 7, ""income_group"": 4}}","{""test"": {""age_group"": 0, ""employment_status_group"": 0, ""income_group"": 0}, ""val"": {""age_group"": 0, ""employment_status_group"": 0, ""income_group"": 0}}"
lightgbm,81,1969,0.5239749826268242,0.02575724278488884,0.4983928024373851,0.7654663234938621,0.05752181742623632,0.49877300613496933,0.049876722078186164,0.009397419755768273,0.4293343146995509,0.4983928024373851,0.21322205455774615,0.02575724278488884,0.4293343146995509,0.18149168812539207,0.009397419755768273,"{""test"": {""age_group"": 2, ""employment_status_group"": 7, ""income_group"": 4}, ""val"": {""age_group"": 2, ""employment_status_group"": 7, ""income_group"": 4}}","{""test"": {""age_group"": 0, ""employment_status_group"": 0, ""income_group"": 0}, ""val"": {""age_group"": 0, ""employment_status_group"": 0, ""income_group"": 0}}"
lightgbm,82,2398,0.5198054204308548,0.016210390287785117,0.4985582763496532,0.7653104356747836,0.05708645835394693,0.4938650306748466,0.04981953128971583,0.01408785118430068,0.4321764370780946,0.49855827634965316,0.20928508810811344,0.016210390287785117,0.43217643707809456,0.18647033748358724,0.01408785118430068,"{""test"": {""age_group"": 2, ""employment_status_group"": 7, ""income_group"": 4}, ""val"": {""age_group"": 2, ""employment_status_group"": 7, ""income_group"": 4}}","{""test"": {""age_group"": 0, ""employment_status_group"": 0, ""income_group"": 0}, ""val"": {""age_group"": 0, ""employment_status_group"": 0, ""income_group"": 0}}"
lightgbm,83,1504,0.5260597637248089,0.022685889318633322,0.48879826063472176,0.7632497654647717,0.05717550907327885,0.49938650306748467,0.04999745818717909,0.009369889596823588,0.42910241128603643,0.48879826063472176,0.20706666534173862,0.022685889318633322,0.4291024112860364,0.17646643521266667,0.009369889596823588,"{""test"": {""age_group"": 2, ""employment_status_group"": 7, ""income_group"": 4}, ""val"": {""age_group"": 2, ""employment_status_group"": 7, ""income_group"": 4}}","{""test"": {""age_group"": 0, ""employment_status_group"": 0, ""income_group"": 0}, ""val"": {""age_group"": 0, ""employment_status_group"": 0, ""income_group"": 0}}"
lightgbm,84,1951,0.5239749826268242,0.016185684034726956,0.4948150203089791,0.7650114838623767,0.05716561454890864,0.498159509202454,0.04991484927049972,0.009368517322424521,0.4329222574275612,0.4948150203089791,0.21407027432018483,0.016185684034726956,0.4329222574275612,0.18405167020513974,0.009368517322424521,"{""test"": {""age_group"": 2, ""employment_status_group"": 7, ""income_group"": 4}, ""val"": {""age_group"": 2, ""employment_status_group"": 7, ""income_group"": 4}}","{""test"": {""age_group"": 0, ""employment_status_group"": 0, ""income_group"": 0}, ""val"": {""age_group"": 0, ""employment_status_group"": 0, ""income_group"": 0}}"
lightgbm,85,150,0.4294649061848506,0.018853161344030943,0.5512130020278297,0.674512701613273,0.052228246888172083,0.4208588957055215,0.04995297646281328,0.03948656560340409,0.498448205587067,0.5512130020278297,0.2709001787681719,0.018853161344030943,0.49844820558706704,0.22119307120488424,0.03948656560340409,"{""test"": {""age_group"": 2, ""employment_status_group"": 7, ""income_group"": 4}, ""val"": {""age_group"": 2, ""employment_status_group"": 7, ""income_group"": 4}}","{""test"": {""age_group"": 0, ""employment_status_group"": 0, ""income_group"": 0}, ""val"": {""age_group"": 0, ""employment_status_group"": 0, ""income_group"": 0}}"
lightgbm,86,1374,0.5069492703266157,0.02028661558012897,0.5023477833425752,0.7360060432391613,0.05458809095046801,0.4883435582822086,0.04995933099486554,0.009313954029923506,0.4408435837718003,0.5023477833425752,0.20508713634319287,0.02028661558012897,0.44084358377180033,0.17511139533916759,0.009313954029923506,"{""test"": {""age_group"": 2, ""employment_status_group"": 7, ""income_group"": 4}, ""val"": {""age_group"": 2, ""employment_status_group"": 7, ""income_group"": 4}}","{""test"": {""age_group"": 0, ""employment_status_group"": 0, ""income_group"": 0}, ""val"": {""age_group"": 0, ""employment_status_group"": 0, ""income_group"": 0}}"
lightgbm,87,530,0.4982626824183461,0.021290672778101313,0.49645469865974634,0.6793159081529112,0.05237666475372529,0.47484662576687114,0.04994662193076102,0.028089096726074923,0.4323229578303536,0.49645469865974634,0.1957521645183642,0.021290672778101313,0.4323229578303536,0.18193164031118914,0.028089096726074923,"{""test"": {""age_group"": 2, ""employment_status_group"": 7, ""income_group"": 4}, ""val"": {""age_group"": 2, ""employment_status_group"": 7, ""income_group"": 4}}","{""test"": {""age_group"": 0, ""employment_status_group"": 0, ""income_group"": 0}, ""val"": {""age_group"": 0, ""employment_status_group"": 0, ""income_group"": 0}}"
lightgbm,88,2047,0.5309242529534399,0.02265132692774605,0.4943773742184945,0.7646079969826561,0.05729919062790652,0.4938650306748466,0.049902140206395204,0.011720946254308603,0.42836076750068575,0.4943773742184945,0.21424652506166586,0.02265132692774605,0.42836076750068575,0.18178629433057072,0.011720946254308603,"{""test"": {""age_group"": 2, ""employment_status_group"": 7, ""income_group"": 4}, ""val"": {""age_group"": 2, ""employment_status_group"": 7, ""income_group"": 4}}","{""test"": {""age_group"": 0, ""employment_status_group"": 0, ""income_group"": 0}, ""val"": {""age_group"": 0, ""employment_status_group"": 0, ""income_group"": 0}}"
lightgbm,89,1253,0.5295343988881167,0.022696711706439176,0.488797279414669,0.7653586936116421,0.057150772762353315,0.49570552147239266,0.04985765848202938,0.011731263988687395,0.42724321532758186,0.48879727941466894,0.21766926182457896,0.022696711706439176,0.4272432153275819,0.18369840404351756,0.011731263988687395,"{""test"": {""age_group"": 2, ""employment_status_group"": 7, ""income_group"": 4}, ""val"": {""age_group"": 2, ""employment_status_group"": 7, ""income_group"": 4}}","{""test"": {""age_group"": 0, ""employment_status_group"": 0, ""income_group"": 0}, ""val"": {""age_group"": 0, ""employment_status_group"": 0, ""income_group"": 0}}"
lightgbm,90,2794,0.5264072272411396,0.022486457642044523,0.49989635389843073,0.7655427096112439,0.05761086814556824,0.49938650306748467,0.04989578567434294,0.007036693635690227,0.4276648369216552,0.49989635389843073,0.21042211595767957,0.022486457642044523,0.4276648369216552,0.18454020272445953,0.007036693635690227,"{""test"": {""age_group"": 2, ""employment_status_group"": 7, ""income_group"": 4}, ""val"": {""age_group"": 2, ""employment_status_group"": 7, ""income_group"": 4}}","{""test"": {""age_group"": 0, ""employment_status_group"": 0, ""income_group"": 0}, ""val"": {""age_group"": 0, ""employment_status_group"": 0, ""income_group"": 0}}"
lightgbm,91,1280,0.5250173731758165,0.019619048705462935,0.4844089870320096,0.7661482930935033,0.05678962262284052,0.498159509202454,0.04959712266788674,0.007103372402744443,0.43032706233906914,0.4844089870320096,0.2105284013949581,0.019619048705462935,0.43032706233906914,0.1791748957065461,0.007103372402744443,"{""test"": {""age_group"": 2, ""employment_status_group"": 7, ""income_group"": 4}, ""val"": {""age_group"": 2, ""employment_status_group"": 7, ""income_group"": 4}}","{""test"": {""age_group"": 0, ""employment_status_group"": 0, ""income_group"": 0}, ""val"": {""age_group"": 0, ""employment_status_group"": 0, ""income_group"": 0}}"
lightgbm,92,2266,0.5288394718554552,0.022288413322888504,0.5007171513710453,0.7643805002744336,0.058214434132151265,0.5006134969325153,0.04997204005897006,0.01170379030253122,0.4307071918693758,0.5007171513710453,0.2121730886635263,0.022288413322888504,0.4307071918693758,0.18384726014791075,0.01170379030253122,"{""test"": {""age_group"": 2, ""employment_status_group"": 7, ""income_group"": 4}, ""val"": {""age_group"": 2, ""employment_status_group"": 7, ""income_group"": 4}}","{""test"": {""age_group"": 0, ""employment_status_group"": 0, ""income_group"": 0}, ""val"": {""age_group"": 0, ""employment_status_group"": 0, ""income_group"": 0}}"
lightgbm,93,3202,0.5260597637248089,0.016292771214552075,0.49488506033136737,0.7667017097504297,0.0569231987018384,0.498159509202454,0.049838594885872604,0.0070387583932124366,0.4285972247852853,0.4948850603313673,0.21034247483743573,0.016292771214552075,0.4285972247852853,0.1799552657637246,0.0070387583932124366,"{""test"": {""age_group"": 2, ""employment_status_group"": 7, ""income_group"": 4}, ""val"": {""age_group"": 2, ""employment_status_group"": 7, ""income_group"": 4}}","{""test"": {""age_group"": 0, ""employment_status_group"": 0, ""income_group"": 0}, ""val"": {""age_group"": 0, ""employment_status_group"": 0, ""income_group"": 0}}"
lightgbm,94,2447,0.529186935371786,0.02239753652153178,0.5030028425424617,0.7664443909093418,0.057873073041378904,0.496319018404908,0.04981953128971583,0.009407093570222739,0.43059070809785804,0.5030028425424617,0.21530976344727223,0.02239753652153178,0.430590708097858,0.18216407453580155,0.009407093570222739,"{""test"": {""age_group"": 2, ""employment_status_group"": 7, ""income_group"": 4}, ""val"": {""age_group"": 2, ""employment_status_group"": 7, ""income_group"": 4}}","{""test"": {""age_group"": 0, ""employment_status_group"": 0, ""income_group"": 0}, ""val"": {""age_group"": 0, ""employment_status_group"": 0, ""income_group"": 0}}"
lightgbm,95,1510,0.5264072272411396,0.02282958113197591,0.4901149977052511,0.7650196485537846,0.056928145964023506,0.498159509202454,0.04992120380255198,0.009391900789533789,0.42951333197407326,0.490114997705251,0.20560991493229927,0.02282958113197591,0.42951333197407326,0.1808333706372893,0.009391900789533789,"{""test"": {""age_group"": 2, ""employment_status_group"": 7, ""income_group"": 4}, ""val"": {""age_group"": 2, ""employment_status_group"": 7, ""income_group"": 4}}","{""test"": {""age_group"": 0, ""employment_status_group"": 0, ""income_group"": 0}, ""val"": {""age_group"": 0, ""employment_status_group"": 0, ""income_group"": 0}}"
lightgbm,96,2808,0.5281445448227936,0.019476623669488612,0.4915528581797994,0.7685795230106153,0.05708645835394693,0.496319018404908,0.04991484927049972,0.009390522060703852,0.4278756477186918,0.4915528581797994,0.21126199054787062,0.019476623669488612,0.42787564771869174,0.18201140003445662,0.009390522060703852,"{""test"": {""age_group"": 2, ""employment_status_group"": 7, ""income_group"": 4}, ""val"": {""age_group"": 2, ""employment_status_group"": 7, ""income_group"": 4}}","{""test"": {""age_group"": 0, ""employment_status_group"": 0, ""income_group"": 0}, ""val"": {""age_group"": 0, ""employment_status_group"": 0, ""income_group"": 0}}"
lightgbm,97,1057,0.495135510771369,0.04314447168765897,0.5135955351188007,0.6220121900195191,0.05144163220074011,0.4785276073619632,0.049578059071729956,0.023274718482577,0.448467495111393,0.5135955351188007,0.20347038827085293,0.04314447168765897,0.448467495111393,0.18291671180029026,0.023274718482577,"{""test"": {""age_group"": 2, ""employment_status_group"": 7, ""income_group"": 4}, ""val"": {""age_group"": 2, ""employment_status_group"": 7, ""income_group"": 4}}","{""test"": {""age_group"": 0, ""employment_status_group"": 0, ""income_group"": 0}, ""val"": {""age_group"": 0, ""employment_status_group"": 0, ""income_group"": 0}}"
lightgbm,98,1758,0.5277970813064629,0.02564063921479786,0.4937104888780468,0.7657542435181969,0.05783349494389805,0.5042944785276073,0.049876722078186164,0.009375382716915527,0.43377191060701853,0.49371048887804686,0.2142588897929429,0.02564063921479786,0.4337719106070185,0.17997401370778945,0.009375382716915527,"{""test"": {""age_group"": 2, ""employment_status_group"": 7, ""income_group"": 4}, ""val"": {""age_group"": 2, ""employment_status_group"": 7, ""income_group"": 4}}","{""test"": {""age_group"": 0, ""employment_status_group"": 0, ""income_group"": 0}, ""val"": {""age_group"": 0, ""employment_status_group"": 0, ""income_group"": 0}}"
lightgbm,99,1970,0.5229325920778318,0.01547653252781718,0.5028877892117758,0.7662432299984911,0.05685393703124691,0.5,0.04966066798840933,0.011776184881722133,0.43199234097810174,0.5028877892117758,0.20971144741292344,0.01547653252781718,0.43199234097810174,0.1789330770253885,0.011776184881722133,"{""test"": {""age_group"": 2, ""employment_status_group"": 7, ""income_group"": 4}, ""val"": {""age_group"": 2, ""employment_status_group"": 7, ""income_group"": 4}}","{""test"": {""age_group"": 0, ""employment_status_group"": 0, ""income_group"": 0}, ""val"": {""age_group"": 0, ""employment_status_group"": 0, ""income_group"": 0}}"
